cluster,nivel_educativo,n,n_cluster,porcentaje_cluster
0,2,4749,14604,32.51848808545604
0,4,3295,14604,22.56231169542591
0,5,2491,14604,17.05697069296083
0,0,2116,14604,14.489181046288689
0,3,1392,14604,9.531635168447
0,6,345,14604,2.3623664749383733
0,1,168,14604,1.1503697617091209
0,7,48,14604,0.3286770747740345
1,4,13556,38421,35.28278805861378
1,2,11073,38421,28.820176465995157
1,3,6857,38421,17.847010749329794
1,5,4327,38421,11.262070222014003
1,0,1879,38421,4.890554644595404
1,6,426,38421,1.1087686421488248
1,1,291,38421,0.7573982978058874
1,7,12,38421,0.031232919497149996
