modelo,nivel_educativo,n,MAE,error_medio
Linear Regression,4,4117,1109.3142466276386,103.97732071280355
Linear Regression,2,3957,870.0358173744414,54.5553590337862
Linear Regression,3,2164,894.451483055286,127.76970455270818
Linear Regression,5,1729,2566.3704572105753,295.514038681838
Linear Regression,0,1016,823.5131164082695,109.34029889060436
Linear Regression,6,183,5552.879063507153,-131.50427745870724
Linear Regression,1,80,735.2063474690442,88.76187301928901
Linear Regression,7,12,12919.309265966616,6062.703551890022
Random Forest,4,4117,1036.683089409789,201.13199487767332
Random Forest,2,3957,769.8648026738464,3.076794902455893
Random Forest,3,2164,851.010908218728,75.58430484388691
Random Forest,5,1729,2338.205785183931,296.427405418496
Random Forest,0,1016,692.3991357263493,-165.2137720893995
Random Forest,6,183,4807.656375245031,-184.20327194832586
Random Forest,1,80,637.8958986416853,-162.32287071202273
Random Forest,7,12,12824.934331810384,8325.221450565177
