modelo,banda_salario,n,salario_medio,salario_mediano,prediccion_media,MAE,RMSE,error_medio,error_medio_absoluto
Linear Regression,p0-p25,4032,1297.6803075396826,1200.0,2126.4105578407534,998.3881384754002,1333.762338108071,-828.7302503010712,998.3881384754002
Linear Regression,p25-p50,2715,2738.186740331492,2800.0,2899.272181342612,851.6759460785308,1158.0684241389513,-161.08544101111855,851.6759460785308
Linear Regression,p50-p75,3188,3769.052070263488,3800.0,3848.695916559118,830.8179588351346,1200.2346314701833,-79.6438462956296,830.8179588351346
Linear Regression,p75-p95,2680,5418.569776119403,5000.0,4671.926391899765,1381.484216875168,1764.5400095429452,746.6433842196374,1381.484216875168
Linear Regression,p95+,643,12552.706065318818,10200.0,6907.3668649963565,5848.388653995689,7719.908254654683,5645.339200322463,5848.388653995689
Random Forest,p0-p25,4032,1297.6803075396826,1200.0,2133.059566466194,908.9708365856455,1204.5233996336167,-835.3792589265112,908.9708365856455
Random Forest,p25-p50,2715,2738.186740331492,2800.0,2940.0378063432404,688.4525382194391,964.5663714875886,-201.8510660117502,688.4525382194391
Random Forest,p50-p75,3188,3769.052070263488,3800.0,3798.5939241746655,704.8954659018252,1161.0078070082843,-29.54185391117911,704.8954659018252
Random Forest,p75-p95,2680,5418.569776119403,5000.0,4643.444647738026,1394.172020013216,1765.1683694544247,775.1251283813745,1394.172020013216
Random Forest,p95+,643,12552.706065318818,10200.0,7366.4042629052165,5395.377014588168,7153.200383455577,5186.301802413602,5395.377014588168
