conjunto,variable,registros_totales,faltantes,porcentaje_faltante
2025,salario_mensual,203676,150651,73.9660048312025
2025,antiguedad_anios,203676,115454,56.685127359139024
2025,antiguedad_meses,203676,115454,56.685127359139024
2025,horas_semanales,203676,115454,56.685127359139024
2025,ocupado,203676,115454,56.685127359139024
2025,FACTOR,203676,0,0.0
2025,NUM_HOGAR,203676,0,0.0
2025,NUM_PERSONA,203676,0,0.0
2025,categoria_ocupacional,203676,0,0.0
2025,dominio,203676,0,0.0
2025,edad,203676,0,0.0
2025,nivel_educativo,203676,0,0.0
2026T1,salario_mensual,49843,36585,73.40047749934796
2026T1,antiguedad_anios,49843,28109,56.39508055293622
2026T1,antiguedad_meses,49843,28109,56.39508055293622
2026T1,horas_semanales,49843,28109,56.39508055293622
2026T1,ocupado,49843,28109,56.39508055293622
2026T1,FACTOR,49843,0,0.0
2026T1,NUM_HOGAR,49843,0,0.0
2026T1,NUM_PERSONA,49843,0,0.0
2026T1,categoria_ocupacional,49843,0,0.0
2026T1,dominio,49843,0,0.0
2026T1,edad,49843,0,0.0
2026T1,nivel_educativo,49843,0,0.0
