indice,feature,importancia
8,nivel_educativo__ohe_6,0.21215749916108118
6,nivel_educativo__ohe_5,0.16711295593209785
14,categoria_ocupacional__ohe_1,0.11839287943648508
13,categoria_ocupacional__ohe_3,0.09026261945550092
2,horas_semanales,0.07381033686234617
0,edad,0.07340439670406454
12,categoria_ocupacional__ohe_2,0.056720145404499364
1,antiguedad,0.05079692784494089
15,categoria_ocupacional__ohe_4,0.04406068140164922
17,dominio__ohe_1,0.029596194653900135
10,nivel_educativo__ohe_7,0.027761860012272068
3,nivel_educativo__ohe_4,0.02427706527578829
4,nivel_educativo__ohe_2,0.01826100140653729
18,dominio__ohe_2,0.005467740060982378
19,dominio__ohe_3,0.0031942052014322063
5,nivel_educativo__ohe_3,0.0028468786486609554
7,nivel_educativo__ohe_0,0.0018304581661841744
9,nivel_educativo__ohe_1,4.615437157708123e-05
11,nivel_educativo__ohe___unknown,0.0
16,categoria_ocupacional__ohe___unknown,0.0
20,dominio__ohe___unknown,0.0
